benchmark,base_result,machine,limits,class,lower_is_better,repetition,result,normalized
stressng-cpu-ackermann,1.3448930000000001,issdm-6,without,cpu,False,3,7.413836,5.512584272503463
stressng-cpu-ackermann,1.3448930000000001,kv1,without,cpu,False,4,1.344902,1.0000066919821873
stressng-cpu-ackermann,1.3448930000000001,rackform1,without,cpu,False,3,13.327055999999999,9.909380151432119
stressng-cpu-bitops,540.245816,issdm-6,without,cpu,False,3,1291.89769,2.3913145678114796
stressng-cpu-bitops,540.245816,kv1,without,cpu,False,4,540.244837,0.999998187861949
stressng-cpu-bitops,540.245816,rackform1,without,cpu,False,3,2390.854569,4.425493910720079
stressng-cpu-callfunc,28821.929834,issdm-6,without,cpu,False,3,180710.80185,6.2699063834658
stressng-cpu-callfunc,28821.929834,kv1,without,cpu,False,4,28926.830477,1.0036396120455562
stressng-cpu-callfunc,28821.929834,rackform1,without,cpu,False,3,202047.46825499999,7.010199158026303
stressng-cpu-cdouble,41.269077,issdm-6,without,cpu,False,3,2315.680124,56.111749821785445
stressng-cpu-cdouble,41.269077,kv1,without,cpu,False,4,41.086943,0.9955866713471686
stressng-cpu-cdouble,41.269077,rackform1,without,cpu,False,3,5603.90628,135.78947452592652
stressng-cpu-cfloat,40.008874,issdm-6,without,cpu,False,3,1618.4878449999999,40.45322157779297
stressng-cpu-cfloat,40.008874,kv1,without,cpu,False,4,40.050501000000004,1.0010404441774594
stressng-cpu-cfloat,40.008874,rackform1,without,cpu,False,3,3028.5470010000004,75.69688167180112
stressng-cpu-clongdouble,35.321269,issdm-6,without,cpu,False,3,983.3988039999999,27.841547935324744
stressng-cpu-clongdouble,35.321269,kv1,without,cpu,False,4,35.360962,1.0011237704964677
stressng-cpu-clongdouble,35.321269,rackform1,without,cpu,False,3,655.091285,18.546652018646327
stressng-cpu-correlate,0.085737,issdm-6,without,cpu,False,3,18.792917000000003,219.19261229107624
stressng-cpu-correlate,0.085737,kv1,without,cpu,False,4,0.083719,0.9764629039971076
stressng-cpu-correlate,0.085737,rackform1,without,cpu,False,3,38.056151,443.87080257065213
stressng-cpu-crc16,44.270771999999994,issdm-6,without,cpu,False,3,95.521739,2.157670505497397
stressng-cpu-crc16,44.270771999999994,kv1,without,cpu,False,4,44.268544,0.9999496733420417
stressng-cpu-crc16,44.270771999999994,rackform1,without,cpu,False,3,146.682192,3.3132964566328322
stressng-cpu-decimal32,44.270771999999994,issdm-6,without,cpu,False,3,737.658758,16.66243267680085
stressng-cpu-decimal32,44.270771999999994,kv1,without,cpu,False,4,44.268544,0.9999496733420417
stressng-cpu-decimal32,44.270771999999994,rackform1,without,cpu,False,3,1366.0089070000001,30.85577335312789
stressng-cpu-decimal64,44.270771999999994,issdm-6,without,cpu,False,3,869.534012,19.641266070535206
stressng-cpu-decimal64,44.270771999999994,kv1,without,cpu,False,4,44.268544,0.9999496733420417
stressng-cpu-decimal64,44.270771999999994,rackform1,without,cpu,False,3,1493.283124,33.73067729652422
stressng-cpu-decimal128,35.360962,issdm-6,without,cpu,False,3,136.431893,3.858263047255332
stressng-cpu-decimal128,35.360962,kv1,without,cpu,False,4,44.268544,1.2519044023745733
stressng-cpu-decimal128,35.360962,rackform1,without,cpu,False,3,190.125451,5.376704711823168
stressng-cpu-dither,15.7718,issdm-6,without,cpu,False,3,97.103799,6.156798780101193
stressng-cpu-dither,15.7718,kv1,without,cpu,False,4,15.604507,0.9893929037903092
stressng-cpu-dither,15.7718,rackform1,without,cpu,False,3,84.915059,5.383980205176327
stressng-cpu-djb2a,21835.876491,issdm-6,without,cpu,False,3,55321.410198000005,2.5335099427220884
stressng-cpu-djb2a,21835.876491,kv1,without,cpu,False,4,21835.251406,0.9999713734871024
stressng-cpu-djb2a,21835.876491,rackform1,without,cpu,False,3,78468.936752,3.5935785213083706
stressng-cpu-double,41.178266,issdm-6,without,cpu,False,3,3629.630684,88.14433040963891
stressng-cpu-double,41.178266,kv1,without,cpu,False,4,41.229794,1.001251339723727
stressng-cpu-double,41.178266,rackform1,without,cpu,False,3,6273.827523,152.3577394686799
stressng-cpu-euler,8487.934437,issdm-6,without,cpu,False,3,3668892.0277199997,432.24792261905634
stressng-cpu-euler,8487.934437,kv1,without,cpu,False,4,8496.315888,1.0009874547290873
stressng-cpu-euler,8487.934437,rackform1,without,cpu,False,3,5958301.7487699995,701.9731117145526
stressng-cpu-explog,0.63089,issdm-6,without,cpu,False,3,73.551369,116.5835074260172
stressng-cpu-explog,0.63089,kv1,without,cpu,False,4,0.639598,1.0138027231371556
stressng-cpu-explog,0.63089,rackform1,without,cpu,False,3,126.810689,201.0028515272076
stressng-cpu-fft,1.5884530000000001,issdm-6,without,cpu,False,3,157.708954,99.28462094880994
stressng-cpu-fft,1.5884530000000001,kv1,without,cpu,False,4,1.605746,1.0108866929018359
stressng-cpu-fft,1.5884530000000001,rackform1,without,cpu,False,3,367.699343,231.48267087537369
stressng-cpu-fibonacci,2492582.05995,issdm-6,without,cpu,False,3,9502092.46483,3.812148300955278
stressng-cpu-fibonacci,2492582.05995,kv1,without,cpu,False,4,2492574.33176,0.9999968995243429
stressng-cpu-fibonacci,2492582.05995,rackform1,without,cpu,False,3,13015090.3959,5.221529355050031
stressng-cpu-float,385.042348,issdm-6,without,cpu,False,3,15379.618437000001,39.94266738940622
stressng-cpu-float,385.042348,kv1,without,cpu,False,4,385.084953,1.0001106501667187
stressng-cpu-float,385.042348,rackform1,without,cpu,False,3,33649.687448000004,87.39217289418774
stressng-cpu-fnv1a,11638.691738,issdm-6,without,cpu,False,3,56617.153551999996,4.864563374176033
stressng-cpu-fnv1a,11638.691738,kv1,without,cpu,False,4,11638.805916,1.0000098102091344
stressng-cpu-fnv1a,11638.691738,rackform1,without,cpu,False,3,78766.174178,6.767614088517412
stressng-cpu-gamma,0.197453,issdm-6,without,cpu,False,3,122.824428,622.0438686674804
stressng-cpu-gamma,0.197453,kv1,without,cpu,False,4,0.197201,0.9987237469169878
stressng-cpu-gamma,0.197453,rackform1,without,cpu,False,3,80.333323,406.84782201333985
stressng-cpu-gcd,496.183508,issdm-6,without,cpu,False,3,630.7252030000001,1.2711530972528817
stressng-cpu-gcd,496.183508,kv1,without,cpu,False,4,496.168375,0.9999695012031719
stressng-cpu-gcd,496.183508,rackform1,without,cpu,False,3,2465.486186,4.968899905476101
stressng-cpu-gray,1605.382855,issdm-6,without,cpu,False,3,3658.960133,2.2791822658402565
stressng-cpu-gray,1605.382855,kv1,without,cpu,False,4,1605.310782,0.999955105413157
stressng-cpu-gray,1605.382855,rackform1,without,cpu,False,3,20035.143946,12.479978768678205
stressng-cpu-hamming,140.566785,issdm-6,without,cpu,False,3,285.928291,2.0341099143727304
stressng-cpu-hamming,140.566785,kv1,without,cpu,False,4,140.563578,0.9999771852219569
stressng-cpu-hamming,140.566785,rackform1,without,cpu,False,3,507.510629,3.610459106680145
stressng-cpu-hanoi,31.940533000000002,issdm-6,without,cpu,False,3,84.48039200000001,2.6449274343668594
stressng-cpu-hanoi,31.940533000000002,kv1,without,cpu,False,4,31.937472999999997,0.9999041969650285
stressng-cpu-hanoi,31.940533000000002,rackform1,without,cpu,False,3,150.325198,4.706408562436951
stressng-cpu-hyperbolic,1.811796,issdm-6,without,cpu,False,3,505.045802,278.75423171262105
stressng-cpu-hyperbolic,1.811796,kv1,without,cpu,False,4,1.813402,1.000886413260654
stressng-cpu-hyperbolic,1.811796,rackform1,without,cpu,False,3,611.0938219999999,337.28621875752015
stressng-cpu-idct,105.588415,issdm-6,without,cpu,False,3,11590.876548,109.77413145182642
stressng-cpu-idct,105.588415,kv1,without,cpu,False,4,105.44613899999999,0.9986525415690726
stressng-cpu-idct,105.588415,rackform1,without,cpu,False,3,22785.829336000003,215.79857350827743
stressng-cpu-int128,613.545523,issdm-6,without,cpu,False,3,2922.1953320000002,4.762801165448322
stressng-cpu-int128,613.545523,kv1,without,cpu,False,4,613.517736,0.9999547107770193
stressng-cpu-int128,613.545523,rackform1,without,cpu,False,3,4879.4107030000005,7.95280956357007
stressng-cpu-int64,5772.306863000001,issdm-6,without,cpu,False,3,28206.760727999997,4.886566393204587
stressng-cpu-int64,5772.306863000001,kv1,without,cpu,False,4,5772.275065999999,0.9999944914570975
stressng-cpu-int64,5772.306863000001,rackform1,without,cpu,False,3,38263.891228,6.628873366602928
stressng-cpu-int32,5772.723277,issdm-6,without,cpu,False,3,33389.123693,5.783946690469431
stressng-cpu-int32,5772.723277,kv1,without,cpu,False,4,5772.577472,0.9999747424234623
stressng-cpu-int32,5772.723277,rackform1,without,cpu,False,3,38983.390534,6.753032955748937
stressng-cpu-int16,5772.348435,issdm-6,without,cpu,False,3,37088.075001,6.425127557463533
stressng-cpu-int16,5772.348435,kv1,without,cpu,False,4,5772.124802,0.9999612578827287
stressng-cpu-int16,5772.348435,rackform1,without,cpu,False,3,38044.129707,6.59075420262637
stressng-cpu-int8,5908.934274,issdm-6,without,cpu,False,3,33381.510906999996,5.649328518322252
stressng-cpu-int8,5908.934274,kv1,without,cpu,False,4,5908.656731,0.9999530299395576
stressng-cpu-int8,5908.934274,rackform1,without,cpu,False,3,30499.115618,5.161525615913459
stressng-cpu-int128float,245.44638799999998,issdm-6,without,cpu,False,3,2494.517723,10.163187746726996
stressng-cpu-int128float,245.44638799999998,kv1,without,cpu,False,4,2.6506979999999998,0.010799498911346782
stressng-cpu-int128float,245.44638799999998,rackform1,without,cpu,False,3,4601.924075,18.74920267720542
stressng-cpu-int128double,39.29967,issdm-6,without,cpu,False,3,1685.0145899999998,42.87604934087232
stressng-cpu-int128double,39.29967,kv1,without,cpu,False,4,38.931605,0.9906343997290562
stressng-cpu-int128double,39.29967,rackform1,without,cpu,False,3,2873.994244,73.1302385999679
stressng-cpu-int128longdouble,2.6506979999999998,issdm-6,without,cpu,False,3,402.41002599999996,151.81285306738073
stressng-cpu-int128longdouble,2.6506979999999998,kv1,without,cpu,False,4,2.651071,1.0001407176524826
stressng-cpu-int128longdouble,2.6506979999999998,rackform1,without,cpu,False,3,565.993833,213.52633645930243
stressng-cpu-int128decimal32,2.6506979999999998,issdm-6,without,cpu,False,3,591.077945,222.98954652699027
stressng-cpu-int128decimal32,2.6506979999999998,kv1,without,cpu,False,4,2.651071,1.0001407176524826
stressng-cpu-int128decimal32,2.6506979999999998,rackform1,without,cpu,False,3,1128.600457,425.77481742544796
stressng-cpu-int128decimal64,2.6506979999999998,issdm-6,without,cpu,False,3,645.217146,243.4140539586177
stressng-cpu-int128decimal64,2.6506979999999998,kv1,without,cpu,False,4,41.510884999999995,15.660360025925247
stressng-cpu-int128decimal64,2.6506979999999998,rackform1,without,cpu,False,3,1157.881476,436.8213489428068
stressng-cpu-int128decimal128,2.6506979999999998,issdm-6,without,cpu,False,3,131.041426,49.43657331012436
stressng-cpu-int128decimal128,2.6506979999999998,kv1,without,cpu,False,4,2.651071,1.0001407176524826
stressng-cpu-int128decimal128,2.6506979999999998,rackform1,without,cpu,False,3,184.10488999999998,69.45524914569671
stressng-cpu-int64float,371.587889,issdm-6,without,cpu,False,3,10246.297069,27.574356894608048
stressng-cpu-int64float,371.587889,kv1,without,cpu,False,4,371.986874,1.0010737298276156
stressng-cpu-int64float,371.587889,rackform1,without,cpu,False,3,23717.352023,63.82703184118037
stressng-cpu-int64double,2.651071,issdm-6,without,cpu,False,3,3407.650197,1285.386244653576
stressng-cpu-int64double,2.651071,kv1,without,cpu,False,4,41.627010999999996,15.70196007575806
stressng-cpu-int64double,2.651071,rackform1,without,cpu,False,3,5840.50933,2203.075409900376
stressng-cpu-int64longdouble,371.986874,issdm-6,without,cpu,False,3,461.49123099999997,1.24061160018243
stressng-cpu-int64longdouble,371.986874,kv1,without,cpu,False,4,2.672973,0.007185664836119997
stressng-cpu-int64longdouble,371.986874,rackform1,without,cpu,False,3,602.69779,1.6202125185739755
stressng-cpu-int32float,41.627010999999996,issdm-6,without,cpu,False,3,11938.417931999998,286.7949834783958
stressng-cpu-int32float,41.627010999999996,kv1,without,cpu,False,4,2.661037,0.06392572841706075
stressng-cpu-int32float,41.627010999999996,rackform1,without,cpu,False,3,24124.262693,579.5338678772781
stressng-cpu-int32double,2.672973,issdm-6,without,cpu,False,3,3411.7027659999994,1276.3700815533864
stressng-cpu-int32double,2.672973,kv1,without,cpu,False,4,471476.43180699996,176386.52983288644
stressng-cpu-int32double,2.672973,rackform1,without,cpu,False,3,5907.992816,2210.2702930407454
stressng-cpu-int32longdouble,2.661037,issdm-6,without,cpu,False,3,461.85325599999993,173.561380769978
stressng-cpu-int32longdouble,2.661037,kv1,without,cpu,False,4,3323.58004,1248.979266353681
stressng-cpu-int32longdouble,2.661037,rackform1,without,cpu,False,3,609.312314,228.9755136813205
stressng-cpu-jenkin,471476.43180699996,issdm-6,without,cpu,False,3,17104.186859999998,0.03627792548281955
stressng-cpu-jenkin,471476.43180699996,kv1,without,cpu,False,4,471463.211286,0.9999719593173527
stressng-cpu-jenkin,471476.43180699996,rackform1,without,cpu,False,3,27923.03595,0.05922466971038409
stressng-cpu-jmp,3323.58004,issdm-6,without,cpu,False,3,22294.738202,6.708049131863243
stressng-cpu-jmp,3323.58004,kv1,without,cpu,False,4,3323.5181420000004,0.9999813761067119
stressng-cpu-jmp,3323.58004,rackform1,without,cpu,False,3,39931.603773,12.014635812110606
stressng-cpu-ln2,67.852788,issdm-6,without,cpu,False,3,14811.288634999999,218.28563087194
stressng-cpu-ln2,67.852788,kv1,without,cpu,False,4,67.811406,0.9993901208598828
stressng-cpu-ln2,67.852788,rackform1,without,cpu,False,3,25154.620546000002,370.7234630653644
stressng-cpu-longdouble,2.672516,issdm-6,without,cpu,False,3,472.7594,176.89675197454386
stressng-cpu-longdouble,2.672516,kv1,without,cpu,False,4,2.673283,1.0002869954754248
stressng-cpu-longdouble,2.672516,rackform1,without,cpu,False,3,613.797366,229.6702305991807
stressng-cpu-loop,4066.367797,issdm-6,without,cpu,False,3,13610.450297,3.347078025514867
stressng-cpu-loop,4066.367797,kv1,without,cpu,False,4,4066.279121,0.9999781928235647
stressng-cpu-loop,4066.367797,rackform1,without,cpu,False,3,20057.987992,4.9326546425038
stressng-cpu-matrixprod,0.12742699999999998,issdm-6,without,cpu,False,3,50.049269,392.768165302487
stressng-cpu-matrixprod,0.12742699999999998,kv1,without,cpu,False,4,0.127226,0.9984226262879925
stressng-cpu-matrixprod,0.12742699999999998,rackform1,without,cpu,False,3,113.189958,888.2729562808512
stressng-cpu-nsqrt,0.171731,issdm-6,without,cpu,False,3,92.670411,539.6254083421164
stressng-cpu-nsqrt,0.171731,kv1,without,cpu,False,4,0.17155399999999998,0.998969318294309
stressng-cpu-nsqrt,0.171731,rackform1,without,cpu,False,3,137.987097,803.5072118604096
stressng-cpu-omega,4286.82895,issdm-6,without,cpu,False,3,1754102.51932,409.1841638141405
stressng-cpu-omega,4286.82895,kv1,without,cpu,False,4,4288.5160240000005,1.0003935482426936
stressng-cpu-omega,4286.82895,rackform1,without,cpu,False,3,1648450.95694,384.5385426306781
stressng-cpu-parity,3268.90182,issdm-6,without,cpu,False,3,10833.48007,3.314103838701402
stressng-cpu-parity,3268.90182,kv1,without,cpu,False,4,3268.806086,0.9999707137120442
stressng-cpu-parity,3268.90182,rackform1,without,cpu,False,3,18052.809039,5.522591387893075
stressng-cpu-phi,2163412.7974099996,issdm-6,without,cpu,False,3,7160976.936319999,3.3100372452696023
stressng-cpu-phi,2163412.7974099996,kv1,without,cpu,False,4,2163322.13677,0.9999580936933959
stressng-cpu-phi,2163412.7974099996,rackform1,without,cpu,False,3,11036201.9097,5.101292699623646
stressng-cpu-pi,1383.92681,issdm-6,without,cpu,False,3,517468.163538,373.9129553664764
stressng-cpu-pi,1383.92681,kv1,without,cpu,False,4,1385.8541539999999,1.0013926632435135
stressng-cpu-pi,1383.92681,rackform1,without,cpu,False,3,440118.725197,318.02167717019665
stressng-cpu-pjw,12834.940439,issdm-6,without,cpu,False,3,29055.091885,2.2637496467621903
stressng-cpu-pjw,12834.940439,kv1,without,cpu,False,4,12834.221243,0.999943965770358
stressng-cpu-pjw,12834.940439,rackform1,without,cpu,False,3,46125.438564,3.593739977463716
stressng-cpu-prime,0.37114400000000003,issdm-6,without,cpu,False,3,2.1596439999999997,5.818884314443988
stressng-cpu-prime,0.37114400000000003,kv1,without,cpu,False,4,0.371586,1.0011909124221325
stressng-cpu-prime,0.37114400000000003,rackform1,without,cpu,False,3,6.605022,17.796386308279263
stressng-cpu-psi,3390.279704,issdm-6,without,cpu,False,3,897067.7573899999,264.5999255847829
stressng-cpu-psi,3390.279704,kv1,without,cpu,False,4,3395.9981780000003,1.0016867263173754
stressng-cpu-psi,3390.279704,rackform1,without,cpu,False,3,1010196.4410799999,297.9684655186786
stressng-cpu-queens,20.599903,issdm-6,without,cpu,False,3,57.014456,2.767705071232617
stressng-cpu-queens,20.599903,kv1,without,cpu,False,4,20.598917,0.9999521356969496
stressng-cpu-queens,20.599903,rackform1,without,cpu,False,3,77.546888,3.76442976454792
stressng-cpu-rand,1659.9056,issdm-6,without,cpu,False,3,12235.946385,7.371471236075111
stressng-cpu-rand,1659.9056,kv1,without,cpu,False,4,1659.8505460000001,0.9999668330536388
stressng-cpu-rand,1659.9056,rackform1,without,cpu,False,3,10483.819996,6.315913384471984
stressng-cpu-rand48,120.73783300000001,issdm-6,without,cpu,False,3,1474.2562039999998,12.210391452031441
stressng-cpu-rand48,120.73783300000001,kv1,without,cpu,False,4,118.873659,0.9845601502554713
stressng-cpu-rand48,120.73783300000001,rackform1,without,cpu,False,3,2124.021406,17.592011991800447
stressng-cpu-rgb,277.703913,issdm-6,without,cpu,False,3,31811.736108999998,114.55271107036938
stressng-cpu-rgb,277.703913,kv1,without,cpu,False,4,282.017294,1.0155323018440867
stressng-cpu-rgb,277.703913,rackform1,without,cpu,False,3,46296.025831,166.710023387391
stressng-cpu-sdbm,18579.119200999998,issdm-6,without,cpu,False,3,54926.600249,2.956361905791726
stressng-cpu-sdbm,18579.119200999998,kv1,without,cpu,False,4,18591.587015,1.0006710659351026
stressng-cpu-sdbm,18579.119200999998,rackform1,without,cpu,False,3,76591.268433,4.122438077090198
stressng-cpu-sieve,1.9495529999999999,issdm-6,without,cpu,False,3,8.549847,4.385542224294492
stressng-cpu-sieve,1.9495529999999999,kv1,without,cpu,False,4,1.9392470000000002,0.994713660003088
stressng-cpu-sieve,1.9495529999999999,rackform1,without,cpu,False,3,18.220312,9.345892109627181
stressng-cpu-sqrt,5.177912,issdm-6,without,cpu,False,3,3842.276549,742.0513421240067
stressng-cpu-sqrt,5.177912,kv1,without,cpu,False,4,5.092630000000001,0.983529654424409
stressng-cpu-sqrt,5.177912,rackform1,without,cpu,False,3,10230.777559,1975.8500258405318
stressng-cpu-trig,1.969468,issdm-6,without,cpu,False,3,313.955014,159.41107649375365
stressng-cpu-trig,1.969468,kv1,without,cpu,False,4,1.967727,0.9991160049312809
stressng-cpu-trig,1.969468,rackform1,without,cpu,False,3,425.011852,215.8003338972758
stressng-cpu-union,9992.295155,issdm-6,without,cpu,False,3,17277.637997,1.7290960413989094
stressng-cpu-union,9992.295155,kv1,without,cpu,False,4,9991.944332,0.999964890648789
stressng-cpu-union,9992.295155,rackform1,without,cpu,False,3,19943.979884,1.9959358260169409
stressng-cpu-zeta,4.408843,issdm-6,without,cpu,False,3,246.01952400000002,55.801380089969186
stressng-cpu-zeta,4.408843,kv1,without,cpu,False,4,4.416631,1.001766449837293
stressng-cpu-zeta,4.408843,rackform1,without,cpu,False,3,257.616044,58.431666539271184
stressng-cpu-bsearch,40.688476,issdm-6,without,cpu,False,3,178.952667,4.398116729660751
stressng-cpu-bsearch,40.688476,kv1,without,cpu,False,4,40.652904,0.9991257475458161
stressng-cpu-bsearch,40.688476,rackform1,without,cpu,False,3,338.283765,8.313994483351994
stressng-cpu-cpu,0.554323,issdm-6,without,cpu,False,3,73.084447,131.8445148406254
stressng-cpu-cpu,0.554323,kv1,without,cpu,False,4,0.5531699999999999,0.9979199852793407
stressng-cpu-cpu,0.554323,rackform1,without,cpu,False,3,161.680244,291.67154168237647
stressng-cpu-hsearch,371.082226,issdm-6,without,cpu,False,3,1239.46705,3.340141249449118
stressng-cpu-hsearch,371.082226,kv1,without,cpu,False,4,377.478751,1.017237486874405
stressng-cpu-hsearch,371.082226,rackform1,without,cpu,False,3,2798.356633,7.541068897759603
stressng-cpu-longjmp,9992.8894,issdm-6,without,cpu,False,3,48877.235102,4.891201447901545
stressng-cpu-longjmp,9992.8894,kv1,without,cpu,False,4,9993.526412000001,1.000063746527606
stressng-cpu-longjmp,9992.8894,rackform1,without,cpu,False,3,81755.50874199999,8.181368317956165
stressng-cpu-lsearch,0.900209,issdm-6,without,cpu,False,3,4.300052,4.776726293560717
stressng-cpu-lsearch,0.900209,kv1,without,cpu,False,4,0.900208,0.9999988891468536
stressng-cpu-lsearch,0.900209,rackform1,without,cpu,False,3,5.800025,6.44297602001313
stressng-cpu-opcode,407.538883,issdm-6,without,cpu,False,3,1749.206131,4.29212083549829
stressng-cpu-opcode,407.538883,kv1,without,cpu,False,4,423.48457,1.0391267868298104
stressng-cpu-opcode,407.538883,rackform1,without,cpu,False,3,1924.214451,4.7215481301694595
stressng-cpu-qsort,1.100214,issdm-6,without,cpu,False,3,3.699975,3.362959387900899
stressng-cpu-qsort,1.100214,kv1,without,cpu,False,4,1.200225,1.0909014064536535
stressng-cpu-qsort,1.100214,rackform1,without,cpu,False,3,6.300008999999999,5.726166909346726
stressng-cpu-str,1325.939887,issdm-6,without,cpu,False,3,7762.635409,5.854439922282842
stressng-cpu-str,1325.939887,kv1,without,cpu,False,4,1325.01575,0.9993030325061788
stressng-cpu-str,1325.939887,rackform1,without,cpu,False,3,21424.498584,16.157971258013752
stressng-cpu-stream,4.67103,issdm-6,without,cpu,False,3,62.111553,13.297185631434608
stressng-cpu-stream,4.67103,kv1,without,cpu,False,4,4.609594,0.9868474405002752
stressng-cpu-stream,4.67103,rackform1,without,cpu,False,3,23.095192,4.944346750074395
stressng-cpu-tsearch,1.6703759999999999,issdm-6,without,cpu,False,3,7.037773,4.213286709100227
stressng-cpu-tsearch,1.6703759999999999,kv1,without,cpu,False,4,1.670266,0.9999341465634086
stressng-cpu-tsearch,1.6703759999999999,rackform1,without,cpu,False,3,13.970982000000001,8.363974338711765
stressng-cpu-wcs,925.3376880000001,issdm-6,without,cpu,False,3,4778.27995,5.163822906994792
stressng-cpu-wcs,925.3376880000001,kv1,without,cpu,False,4,925.5101109999999,1.0001863352181974
stressng-cpu-wcs,925.3376880000001,rackform1,without,cpu,False,3,8597.682781,9.291400201782334
stressng-cpu-cache-bsearch,40.688476,kv1,without,cpu-cache,False,4,40.652904,0.9991257475458161
stressng-cpu-cache-cpu,0.554323,kv1,without,cpu-cache,False,4,0.5531699999999999,0.9979199852793407
stressng-cpu-cache-hsearch,371.082226,kv1,without,cpu-cache,False,4,377.478751,1.017237486874405
stressng-cpu-cache-longjmp,9992.8894,kv1,without,cpu-cache,False,4,9993.526412000001,1.000063746527606
stressng-cpu-cache-lsearch,0.900209,kv1,without,cpu-cache,False,4,0.900208,0.9999988891468536
stressng-cpu-cache-opcode,407.538883,kv1,without,cpu-cache,False,4,423.48457,1.0391267868298104
stressng-cpu-cache-qsort,1.100214,kv1,without,cpu-cache,False,4,1.200225,1.0909014064536535
stressng-cpu-cache-str,1325.939887,kv1,without,cpu-cache,False,4,1325.01575,0.9993030325061788
stressng-cpu-cache-stream,4.67103,kv1,without,cpu-cache,False,4,4.609594,0.9868474405002752
stressng-cpu-cache-tsearch,1.6703759999999999,kv1,without,cpu-cache,False,4,1.670266,0.9999341465634086
stressng-cpu-cache-wcs,925.3376880000001,kv1,without,cpu-cache,False,4,925.5101109999999,1.0001863352181974
stressng-memory-context,1831.81215,issdm-6,without,memory,False,3,2944.327377,1.6073304115817773
stressng-memory-context,1831.81215,kv1,without,memory,False,4,1847.514581,1.0085720749259142
stressng-memory-context,1831.81215,rackform1,without,memory,False,3,2914.513411,1.5910547437956453
stressng-memory-full,33551.947426,issdm-6,without,memory,False,3,79792.234076,2.3781699781207806
stressng-memory-full,33551.947426,kv1,without,memory,False,4,18593.593417,0.5541732997170679
stressng-memory-full,33551.947426,rackform1,without,memory,False,3,134914.378134,4.021059535562233
stressng-memory-malloc,281510.474126,issdm-6,without,memory,False,3,734728.667898,2.6099514420523695
stressng-memory-malloc,281510.474126,rackform1,without,memory,False,3,1686290.79166,5.990152930882568
stressng-memory-matrix,13.803153,issdm-6,without,memory,False,3,1865.8242890000001,135.17377435430876
stressng-memory-matrix,13.803153,rackform1,without,memory,False,3,2388.81908,173.06329068438205
stressng-memory-memcpy,70.025444,issdm-6,without,memory,False,3,161.819347,2.3108649907310834
stressng-memory-memcpy,70.025444,rackform1,without,memory,False,3,865.782599,12.3638287677262
stressng-memory-mincore,8089.20991,issdm-6,without,memory,False,3,19990.962142,2.471312076756332
stressng-memory-mincore,8089.20991,rackform1,without,memory,False,3,28617.49748,3.537737034691439
stressng-memory-null,1691160.90765,issdm-6,without,memory,False,3,3786649.1585199996,2.2390827161336433
stressng-memory-null,1691160.90765,rackform1,without,memory,False,3,4270837.874419999,2.525388243721091
stressng-memory-oom-pipe,0.19939400000000002,issdm-6,without,memory,False,3,0.088345,0.4430674945083603
stressng-memory-oom-pipe,0.19939400000000002,rackform1,without,memory,False,3,0.183412,0.9198471368245783
stressng-memory-pipe,107971.19705599999,issdm-6,without,memory,False,3,209311.021138,1.9385820185863034
stressng-memory-pipe,107971.19705599999,rackform1,without,memory,False,3,300158.358747,2.779985467710623
stressng-memory-remap,121.64103999999999,issdm-6,without,memory,False,3,342.478909,2.8154881691244995
stressng-memory-remap,121.64103999999999,rackform1,without,memory,False,3,248.093825,2.0395569209207682
stressng-memory-stackmmap,0.199517,issdm-6,without,memory,False,3,0.09977000000000001,0.5000576391986649
stressng-memory-stackmmap,0.199517,kv1,without,memory,False,4,0.19950299999999999,0.9999298305407559
stressng-memory-stackmmap,0.199517,rackform1,without,memory,False,3,0.19986700000000002,1.0017542364811018
stressng-memory-str,1326.342712,issdm-6,without,memory,False,3,7767.003524,5.8559552171007825
stressng-memory-str,1326.342712,kv1,without,memory,False,4,1328.383802,1.001538885826064
stressng-memory-str,1326.342712,rackform1,without,memory,False,3,21542.235899,16.241832298770156
stressng-memory-tlb-shootdown,138.35834,kv1,without,memory,False,4,137.061224,0.9906249525688152
stressng-memory-zero,37502.320117,issdm-6,without,memory,False,3,86322.470206,2.3017901275625228
stressng-memory-zero,37502.320117,kv1,without,memory,False,4,38690.919520999996,1.0316940232042122
stressng-memory-zero,37502.320117,rackform1,without,memory,False,3,146136.89751500002,3.896742843084937
stressng-matrix-add,360.38080099999996,issdm-6,without,matrix,False,3,23212.987616,64.41238698506584
stressng-matrix-add,360.38080099999996,kv1,without,matrix,False,4,370.083126,1.0269224247603579
stressng-matrix-add,360.38080099999996,rackform1,without,matrix,False,3,93710.702163,260.03244874024244
stressng-matrix-div,143.032424,issdm-6,without,matrix,False,3,15789.832890000001,110.39338108399815
stressng-matrix-div,143.032424,kv1,without,matrix,False,4,142.932043,0.9992981940933896
stressng-matrix-div,143.032424,rackform1,without,matrix,False,3,74209.50431799999,518.8299424891239
stressng-matrix-frobenius,200.744889,issdm-6,without,matrix,False,3,24673.017064,122.9073237525863
stressng-matrix-frobenius,200.744889,kv1,without,matrix,False,4,204.646274,1.0194345421167859
stressng-matrix-frobenius,200.744889,rackform1,without,matrix,False,3,38382.553738999995,191.20065238124192
stressng-matrix-mult,406.19131400000003,issdm-6,without,matrix,False,3,46186.706333999995,113.70677988943898
stressng-matrix-mult,406.19131400000003,kv1,without,matrix,False,4,424.59558300000003,1.0453093612927429
stressng-matrix-mult,406.19131400000003,rackform1,without,matrix,False,3,159525.83405499998,392.73570989014297
stressng-matrix-prod,1.500338,issdm-6,without,matrix,False,3,198.301669,132.1713300602931
stressng-matrix-prod,1.500338,kv1,without,matrix,False,4,1.500343,1.0000033325823914
stressng-matrix-prod,1.500338,rackform1,without,matrix,False,3,244.20134500000003,162.76422046232253
stressng-matrix-sub,328.47430499999996,issdm-6,without,matrix,False,3,23016.305233000003,70.0703369567979
stressng-matrix-sub,328.47430499999996,kv1,without,matrix,False,4,337.377364,1.0271042783696582
stressng-matrix-sub,328.47430499999996,rackform1,without,matrix,False,3,89963.349618,273.8824567054035
stressng-matrix-hadamard,402.79159599999997,issdm-6,without,matrix,False,3,23453.699627,58.22787729414296
stressng-matrix-hadamard,402.79159599999997,kv1,without,matrix,False,4,401.492785,0.9967754764178348
stressng-matrix-hadamard,402.79159599999997,rackform1,without,matrix,False,3,93929.16726900001,233.19544946265466
stressng-matrix-trans,1657.178824,issdm-6,without,matrix,False,3,29561.569235000003,17.838490817572747
stressng-matrix-trans,1657.178824,kv1,without,matrix,False,4,1661.0752400000001,1.0023512344857237
stressng-matrix-trans,1657.178824,rackform1,without,matrix,False,3,35425.798485,21.37717304369803
stressng-string-index,4233.804741,issdm-6,without,string,False,3,24283.606112,5.735646208914291
stressng-string-index,4233.804741,kv1,without,string,False,4,4233.650837,0.999963648772342
stressng-string-index,4233.804741,rackform1,without,string,False,3,70020.845406,16.538515517241706
stressng-string-rindex,1184.929397,issdm-6,without,string,False,3,12809.346115,10.810218859816167
stressng-string-rindex,1184.929397,kv1,without,string,False,4,1198.122382,1.0111339840444518
stressng-string-rindex,1184.929397,rackform1,without,string,False,3,39356.341688,33.21408160489751
stressng-string-strcasecmp,13501.029625,issdm-6,without,string,False,3,6366.731877,0.47157380243138314
stressng-string-strcasecmp,13501.029625,kv1,without,string,False,4,13521.185469999999,1.0014929116933924
stressng-string-strcasecmp,13501.029625,rackform1,without,string,False,3,23492.839768,1.7400776400414721
stressng-string-strcat,473.246385,issdm-6,without,string,False,3,7601.825011,16.06314438302577
stressng-string-strcat,473.246385,kv1,without,string,False,4,473.22853399999997,0.9999622796907366
stressng-string-strcat,473.246385,rackform1,without,string,False,3,17652.026513999997,37.299865510858574
stressng-string-strchr,4233.78788,issdm-6,without,string,False,3,24358.009066,5.753242665052931
stressng-string-strchr,4233.78788,kv1,without,string,False,4,4233.619539,0.9999602386787504
stressng-string-strchr,4233.78788,rackform1,without,string,False,3,70310.081622,16.606897561906194
stressng-string-strcoll,2038.277691,issdm-6,without,string,False,3,9752.86534,4.784856049332093
stressng-string-strcoll,2038.277691,kv1,without,string,False,4,2032.369909,0.9971015813860468
stressng-string-strcoll,2038.277691,rackform1,without,string,False,3,25212.795578,12.369656837891576
stressng-string-strcmp,14460.611857,issdm-6,without,string,False,3,33940.005066000005,2.3470656291469814
stressng-string-strcmp,14460.611857,kv1,without,string,False,4,14119.706496,0.9764252464300135
stressng-string-strcmp,14460.611857,rackform1,without,string,False,3,75715.010492,5.235947914288866
stressng-string-strcpy,1956.156411,issdm-6,without,string,False,3,33479.890553,17.11513985524545
stressng-string-strcpy,1956.156411,kv1,without,string,False,4,1956.0971140000001,0.9999696869842992
stressng-string-strcpy,1956.156411,rackform1,without,string,False,3,73313.04434,37.47810958660605
stressng-string-strlen,4833.754268,issdm-6,without,string,False,3,35747.749722,7.395442080838521
stressng-string-strlen,4833.754268,kv1,without,string,False,4,4812.729487,0.9956504241146087
stressng-string-strlen,4833.754268,rackform1,without,string,False,3,89106.246136,18.434169632058758
stressng-string-strncasecmp,11049.836636,issdm-6,without,string,False,3,6297.984834000001,0.5699618049991233
stressng-string-strncasecmp,11049.836636,kv1,without,string,False,4,11388.458009,1.03064492120153
stressng-string-strncasecmp,11049.836636,rackform1,without,string,False,3,19349.254436000003,1.751089638100239
stressng-string-strncat,492.419007,issdm-6,without,string,False,3,2232.108941,4.532946351114346
stressng-string-strncat,492.419007,kv1,without,string,False,4,492.008436,0.9991662161814155
stressng-string-strncat,492.419007,rackform1,without,string,False,3,14484.666651,29.415328094758127
stressng-string-strncmp,994.648214,issdm-6,without,string,False,3,11885.32947,11.949279456505414
stressng-string-strncmp,994.648214,kv1,without,string,False,4,995.0945439999999,1.0004487315150399
stressng-string-strncmp,994.648214,rackform1,without,string,False,3,29435.046673,29.593424347112936
stressng-string-strrchr,1202.0035,issdm-6,without,string,False,3,12810.138483,10.657322115118633
stressng-string-strrchr,1202.0035,kv1,without,string,False,4,1197.655219,0.9963824722640159
stressng-string-strrchr,1202.0035,rackform1,without,string,False,3,38941.75505,32.39737242861606
stressng-string-strxfrm,552.3283389999999,issdm-6,without,string,False,3,2571.906193,4.656480595684228
stressng-string-strxfrm,552.3283389999999,kv1,without,string,False,4,552.312996,0.9999722212334284
stressng-string-strxfrm,552.3283389999999,rackform1,without,string,False,3,4083.054247,7.392440254636293
